{"cameraMode":{"drawMode":0,"name":"Shaded","section":"Shading Mode"},"sceneLighting":false,"audioPlay":false,"sceneViewState":{"m_AlwaysRefresh":false,"showFog":true,"showSkybox":false,"showFlares":true,"showImageEffects":true,"showParticleSystems":true,"showVisualEffectGraphs":true,"m_FxEnabled":true},"in2DMode":false,"pivot":{"x":2.3017239570617677,"y":1.7159485816955567,"z":0.14631448686122895},"rotation":{"x":-0.16326376795768739,"y":0.3532086908817291,"z":-0.06274978071451187,"w":-0.9190594553947449},"size":3.2765839099884035,"orthographic":false}