{"cameraMode":{"drawMode":0,"name":"Shaded","section":"Shading Mode"},"sceneLighting":false,"audioPlay":false,"sceneViewState":{"m_AlwaysRefresh":false,"showFog":true,"showSkybox":false,"showFlares":true,"showImageEffects":true,"showParticleSystems":true,"showVisualEffectGraphs":true,"m_FxEnabled":true},"in2DMode":false,"pivot":{"x":-0.47514578700065615,"y":1.1434756517410279,"z":-0.14518141746520997},"rotation":{"x":0.3573440611362457,"y":0.6121885180473328,"z":-0.36100631952285769,"w":0.6059795618057251},"size":1.6201447248458863,"orthographic":false}