{"cameraMode":{"drawMode":0,"name":"Shaded","section":"Shading Mode"},"sceneLighting":false,"audioPlay":false,"sceneViewState":{"m_AlwaysRefresh":false,"showFog":true,"showSkybox":false,"showFlares":true,"showImageEffects":true,"showParticleSystems":true,"showVisualEffectGraphs":true,"m_FxEnabled":true},"in2DMode":false,"pivot":{"x":-0.5519200563430786,"y":5.511758327484131,"z":4.986599922180176},"rotation":{"x":-0.014869865961372853,"y":0.9514166116714478,"z":-0.30404049158096316,"w":-0.04654780030250549},"size":1.4197272062301636,"orthographic":false}